{"cameraMode":{"drawMode":0,"name":"Shaded","section":"Shading Mode"},"sceneLighting":true,"audioPlay":false,"sceneViewState":{"showFog":false,"showMaterialUpdate":false,"showSkybox":false,"showFlares":false,"showImageEffects":false,"showParticleSystems":false},"in2DMode":false,"pivot":{"x":1175.9696044921875,"y":892.683837890625,"z":-168.11993408203126},"rotation":{"x":0.217988982796669,"y":-0.03512553125619888,"z":0.00785106047987938,"w":0.9752878546714783},"size":1545.00146484375,"orthographic":false}