{"cameraMode":{"drawMode":0,"name":"Shaded","section":"Shading Mode"},"sceneLighting":false,"audioPlay":false,"sceneViewState":{"showFog":false,"showMaterialUpdate":false,"showSkybox":false,"showFlares":false,"showImageEffects":false,"showParticleSystems":false},"in2DMode":false,"pivot":{"x":-0.5089445114135742,"y":-0.06808797270059586,"z":0.36002814769744875},"rotation":{"x":0.002232419094070792,"y":0.7694622874259949,"z":-0.6387086510658264,"w":0.0026754208374768497},"size":7.192327976226807,"orthographic":false}